<?xml version="1.0" encoding="UTF-8"?>
<!--
	~ DynamicJasper: A library for creating reports dynamically by specifying
	~ columns, groups, styles, etc. at runtime. It also saves a lot of development
	~ time in many cases! (http://sourceforge.net/projects/dynamicjasper)
	~
	~ Copyright (C) 2008  FDV Solutions (http://www.fdvsolutions.com)
	~
	~ This library is free software; you can redistribute it and/or
	~ modify it under the terms of the GNU Lesser General Public
	~
	~ License as published by the Free Software Foundation; either
	~
	~ version 2.1 of the License, or (at your option) any later version.
	~
	~ This library is distributed in the hope that it will be useful,
	~ but WITHOUT ANY WARRANTY; without even the implied warranty of
	~
	~ MERCHANTABILITY or FITNESS FOR A PARTICULAR PURPOSE.  See the GNU
	~
	~ Lesser General Public License for more details.
	~
	~ You should have received a copy of the GNU Lesser General Public
	~ License along with this library; if not, write to the Free Software
	~
	~ Foundation, Inc., 51 Franklin Street, Fifth Floor, Boston, MA  02110-1301  USA
	~
	~
	-->

<document>
    <properties>
        <title>DynamicJasper - Changes backlog</title>
        <author email="juan.alvarez@fdvsolutions.com">Juan Manuel Alvarez</author>
    </properties>
    <body>
        <release version="5.1.1" date="2018-05-12" desc="">
            <action dev="Juan Manuel Alvarez" type="Add">
                <![CDATA[Supports JasperReport 6.4.1]]>
            </action>
            <action dev="Geoff Gibbs" type="Fix">
                <![CDATA[Fix for https://github.com/intive-FDV/DynamicJasper/issues/59 Crosstab: useMainReportDatasource
                only works when datasource is passed as a parameter]]>
            </action>
           <action dev="Sam Hough" type="Add">
                <![CDATA[Simple support for parameter defaults.]]>
            </action>
           <action dev="Geoff Gibbs" type="Add">
                <![CDATA[Allow for ignoreWidth to be specified for crosstabs.]]>
            </action>
        </release>
        <release version="5.1.0" date="2017-02-20" desc="">
            <action dev="Juan Manuel Alvarez" type="Add">
                <![CDATA[Supports JasperReport 6.3.0]]>
            </action>
            <action dev="Juan Manuel Alvarez" type="Add">
                <![CDATA[Code Cleanup (adding generics, lint inspections)]]>
            </action>
        </release>
        <release version="5.0.11" date="2016-09-28" desc="">
            <action dev="Juan Manuel Alvarez" type="Add" >
                <![CDATA[Introducing JasperDesignDecorator. This enables you to tweak the JasperDesign object
 before and after applying the layout. Check for JasperDesignDecoratorReportTest for an example]]>
            </action>
            <action dev="Juan Manuel Alvarez" type="Add" >
                <![CDATA[DynamicReportBuilder.setDefaultEncoding(String) to use as default encoding in the report. Useful when
exporting to PDF. Checkout DefaultEncodingReportTest for an example.]]>
            </action>
        </release>
        <release version="5.0.10" date="2016-08-15" desc="">
            <action dev="Juan Manuel Alvarez" type="Add" due-to="NerdKnight">
                <![CDATA[AutoText Page X, and Page X / Y supports passing an offset for the starting page.
Many Thanks to NerdKnight.]]>
            </action>
        </release>
        <release version="5.0.9" date="2016-07-09" desc="">
            <action dev="Juan Manuel Alvarez" type="Add">
                <![CDATA[Support JasperReports from 4.6.0 yo 6.3.0]]>
            </action>
        </release>
        <release version="5.0.8" date="2016-07-09" desc="">
            <action dev="Juan Manuel Alvarez" type="Fix">
                <![CDATA[Group Labels Custom Expression shows wrong field values]]>
            </action>
            <action dev="Juan Manuel Alvarez" type="Add">
                <![CDATA[Added Reset Page Number flag in groups.
                https://github.com/FDVSolutions/DynamicJasper/issues/27]]>
            </action>
        </release>
        <release version="5.0.7" date="2016-04-16" desc="">
            <action dev="mguimaraes" type="Fix">
                <![CDATA[Fixes "Unable to create more than one subreport with charts"
                https://github.com/FDVSolutions/DynamicJasper/issues/16]]>
            </action>
        </release>
        <release version="5.0.6" date="2016-04-16" desc="">
            <action dev="Juan Manuel Alvarez" type="Fix">
                <![CDATA[POM updated for Maven Central (nexus OSS)]]>
            </action>
        </release>
        <release version="5.0.5" date="2016-01-04" desc="">
            <action dev="Juan Manuel Alvarez" type="add">
                <![CDATA[Introducing ExtendedListLayoutManager for xls export with title and subtitle.]]>
            </action>
        </release>
        <release version="5.0.4" date="2015-12-04" desc="">
            <action dev="Juan Manuel Alvarez" type="fix" due-to="Andrej Jepifanow">
                <![CDATA[Load from template honors page orientation]]>
            </action>
            <action dev="Juan Manuel Alvarez" type="add">
                <![CDATA[Ability to add watermark text on reports]]>
            </action>
        </release>
        <release version="5.0.3" date="2015-07-07" desc="">
            <action dev="Leonid Rozenblyum" type="fix" due-to="Leonid Rozenblyum">
                <![CDATA[Added support for RTF. It was missing from the very beginning]]>
            </action>
            <action dev="Juan Manuel Alvarez" type="fix" due-to="Leonid Rozenblyum">
                <![CDATA[Avoid warn message when duplicate report param if loading a tempalte file]]>
            </action>
        </release>
        <release version="5.0.2" date="2014-07-02" desc="">
            <action dev="inanutshellus" type="update" due-to="inanutshellus">
                <![CDATA[Some performance fixes on subreport handling, thanks to inanutshellus]]>
            </action>
            <action dev="inanutshellus" type="update" due-to="inanutshellus">
                <![CDATA[Changing dependency to POI 3.10-FINAL, thanks to inanutshellus]]>
            </action>
            <action dev="pauloremoli" type="add" due-to="pauloremoli">
                <![CDATA[Added Portuguese translation. Thanks to pauloremoli]]>
            </action>
            <action dev="Juan Manuel Alvarez" type="fix">
                <![CDATA[DynamicReportBuilder throws Exception if build() methid is invoked more than once.]]>
            </action>
        </release>
        <release version="5.0.1" date="2013-11-13" desc="Better support for HTML export">
            <action dev="Juan Manuel Alvarez" type="add">
                <![CDATA[Better support for HTML export when using frameworks such as GWT or Vaadin when writing to the response is not an option.]]>
            </action>
        </release>
        <release version="5.0.0" date="2013-10-23" desc="Compatibility release">
            <action dev="Juan Manuel Alvarez" type="add">
                <![CDATA[From this version DJ needs Java 1.6+ and jasper resports 4.6.0+. Tested with JasperRepoerts 4.6.0, 4.7.0, 4.8.0, 5.0.0, 5.1.0 and 5.2.0]]>
            </action>
        </release>
        <release version="4.0.3" date="2012-09-30" desc="bug fixing">
            <action dev="Juan Manuel Alvarez" type="fix">
                <![CDATA[custom variables and parameters cannot be reached inside custom expression due to new naming strategy.]]>
            </action>
        </release>
        <release version="4.0.2" date="2012-08-11" desc="bug fixing and some new features">
            <action dev="Martin D'Aloia (from github)" type="fix">
                <![CDATA[Applied this fix to group footer height calculation: https://github.com/FDVSolutions/DynamicJasper/pull/1]]>
            </action>
            <action dev="Juan Manuel Alvarez" type="fix" due-to="Prasad Babu ( prasad1982 )" issue="3548312">
                <![CDATA[fix duplicated parameter name when: Two Subreports with Hyperlink columns. See SubReportRecursive2Test]]>
            </action>
            <action dev="Patel, Dipesh" type="add">
                <![CDATA[you can now set report languaje to java, groovy or javascript]]>
            </action>
            <action dev="Patel, Dipesh" type="add">
                <![CDATA[We can now specify columns data and header markup. See ColumnBuilder.setMarkup(...) and ColumnBuilder.setHeaderMarkup(...).
                          Also see ColumnMarkupFastReportTest]]>
            </action>
            <action dev="Patel, Dipesh" type="fix">
                <![CDATA[Expression Columns in charts. Now adding a test: ExpressionColumnInChartTest]]>
            </action>

        </release>
        <release version="4.0.1" date="2012-06-25" desc="minor bug fix in charts with custom expression columns">
            <action dev="Juan Manuel Alvarez" type="fix">
                <![CDATA[Due to this post http://stackoverflow.com/questions/5667658/using-a-customexpression-in-a-dynamicjasper-chart/11191944#11191944
                        the proposed solution is used for both: new and old charts]]>
            </action>
        </release>
        <release version="4.0.0" date="2012-06-15" desc="Final 4.0 Release">
            <action dev="Juan Manuel Alvarez" type="fix">
                <![CDATA[Fixed problem with border colors https://sourceforge.net/tracker/?func=detail&atid=923805&aid=3532995&group_id=188060
                        ,The test StylesReportTest demostrates how it works properly]]>
            </action>
        </release>
        <release version="4.0.0_beta3" date="2012-05-12" desc="Major Release">
            <action dev="Juan Manuel Alvarez" type="fix">
                <![CDATA[Fixed problem with custom expression in subreport: http://dynamicjasper.com/forum/viewtopic.php?f=8&t=15116
                        ,The test SubReportBuilder3Test demostrates how it works properly]]>
            </action>
        </release>
        <release version="4.0.0_beta2" date="2012-04-01" desc="Major Release">
            <action dev="Juan Manuel Alvarez" type="add">
                Added test dependency to DynamicJasper-core-fonts-1.0 in order to prevent missing fonts.
                Fonts added are: Arial, Times New Roman, Courier New, Comic Sans MS, Georgia, Verdana, Monospaced
            </action>
            <action dev="Juan Manuel Alvarez" type="add">
                Added Monospaced font
            </action>
        </release>
        <release version="4.0.0-beta1" date="2012-04-01" desc="Major Release">
            <action dev="Juan Manuel Alvarez" type="change">
                Style borders break change. They now have their own class. So, no more Border.THIN, but Border.THIN() as
                a factory method
            </action>
            <action dev="Juan Manuel Alvarez" type="change">
                DJ now requires JasperReport 4.1.1+
            </action>
            <action dev="Juan Manuel Alvarez" type="change">
                Removed support to JDK 1.5. Now compiled against JDK 1.6
            </action>
            <action dev="Juan Manuel Alvarez" type="change">
                Removed dependency with POI-3.5-FINAL. We now use POI from JasperReports dependency.
            </action>
        </release>
        <release version="3.2.2" date="2012-03-12" desc="typo fix release">
            <action dev="Juan Manuel Alvarez" type="fix">
                Just fixed a type in a property name in the DJVariable.java file.
            </action>
        </release>
        <release version="3.2.1" date="2011-12-23" desc="improved DJValueFormatter capabilities">
            <action dev="Juan Lagostena" type="add">
                Introducing the DjBaseMMValueFormatter which adds better support to access to measures in crosstabs. See
                CrosstabReportWithMMValueFormatterTest
                and CrosstabReportWithInvisibleMeasure
            </action>
        </release>
        <release version="3.2.0" date="2011-12-21" desc="introducing column spanning">
            <action dev="Mariano Vicente" type="add">
                Introducing column span in regular column reports. See tests located at
                src/test/java/ar/com/fdvs/dj/test/colspan
            </action>
        </release>
        <release version="3.1.9" date="2011-06-23" desc="small fixes on crosstabs">
            <action dev="Juan Manuel Alvarez" type="add">
                Detuche messages, thanks to Philip Helger
            </action>
            <action dev="Juan Manuel Alvarez" type="fix">
                Removed unneeded direct dependency to opensymphony:oscore:jar:2.2.4
            </action>
            <action dev="Juan Manuel Alvarez" type="fix">
                Totals in groups footers did not stretch when content overflows (due to wrong evaluation time)
            </action>
            <action dev="Juan Manuel Alvarez" type="fix">
                Group label was miss-aligned. It was 2 (two) pixels higher than other columns
            </action>
        </release>
        <release version="3.1.8" date="2011-01-07" desc="small fixes on crosstabs">
            <action dev="Juan Manuel Alvarez" type="fix">
                borders for totals in crosstab were missing.
            </action>
            <action dev="Juan Manuel Alvarez" type="fix">
                A bug on the internal styles naming was preventing totals on crosstabs to use their own style.
            </action>

        </release>
        <release version="3.1.7" date="2010-12-27" desc="small inprovements on crosstabs">
            <action dev="Juan Manuel Alvarez" type="add">
                * Full borders on crosstabs are now possible.
                * replaced some deprecated from JR to its new version
            </action>
        </release>
        <release version="3.1.6" date="2010-11-30" desc="fixes and inprovements">
            <action dev="Juan Manuel Alvarez" type="add">
                added method setHeaderVariablesHeight() to DynamicReportBuilder
            </action>
            <action dev="Juan Manuel Alvarez" type="fix" issue="3116544" due-to="Rutger Jönåker">
                ImageColumn and BarcodeColumn stretch type was not correctly applied. See BarcodeColumnReportTest2 and
                see how the large row gets
                the bottom border properly applied.
            </action>
            <action dev="Juan Manuel Alvarez" type="fix">
                ColumnBuilder failed to pass image scale mode properly to the column being built.
            </action>
        </release>
        <release version="3.1.5" date="2010-06-16" desc="small improvements in builders">
            <action dev="Juan Manuel Alvarez" type="add">
                DynamicReport now has "addParameter()" method
            </action>
            <action dev="Juan Manuel Alvarez" type="add">
                overloaded version of the method "DynamicReportBuilder.addGlobalColumnVariable" to add a "position"
                parameter to specify footer or header
            </action>
            <action dev="Juan Manuel Alvarez" type="add">
                overloaded version of the method "DynamicReportBuilder.addSubreportInGroup" to add a "position"
                parameter to specify footer or header
            </action>
            <action dev="Juan Manuel Alvarez" type="add">
                overloaded version of the method "FastReportBuilder.addGroupVariable" to add a "position" parameter to
                specify footer or header
            </action>
        </release>
        <release version="3.1.4" date="2010-06-11" desc="fixes in subreports">
            <action dev="Juan Manuel Alvarez" type="change">
                fixed the internal subreport naming to ensure a clear understanding of how they got included.
            </action>
            <action dev="Juan Manuel Alvarez" type="add">
                added some debug log information when generating subreports
            </action>
        </release>
        <release version="3.1.3" date="2010-05-18" desc="quick fix in styles">
            <action dev="Juan Manuel Alvarez" type="add" issue="3002761">
                changed the internal style naming to avoid problem reported in JasperReports tracker:
                http://jasperforge.org/plugins/mantis/view.php?id=4721
            </action>
            <action dev="Juan Manuel Alvarez" type="add">
                We can now register variables. useful for "balance" columns. See ReportWithVariablesTest for an example
            </action>
        </release>
        <release version="3.1.2" date="2010-05-04" desc="Percentage in crosstabs">
            <action dev="Juan Manuel Alvarez" type="add">
                Ability to show percentage in crosstab cells. See CrosstabReportWithPercentageMeasure as an example
            </action>
            <action dev="Juan Manuel Alvarez" type="fix">
                Removed duplicated dependencies bcmail-jdk14 and bcprov-jdk14
            </action>
            <action dev="Juan Manuel Alvarez" type="update">
                Image columns can have custom expression. See ImageExpressionColumnReportTest as an example.
            </action>
        </release>
        <release version="3.1.1" date="2010-03-23" desc="bug fix for issue 2975227">
            <action dev="Juan Manuel Alvarez" type="update" issue="2975227">
                fixes the bug 2975227: InstantiationException when JRDesignImage instantiation
            </action>
        </release>
        <release version="3.1.0" date="2010-03-13" desc="catch up with JR 3.7.1">
            <action dev="Juan Manuel Alvarez" type="update">
                DJ is now compiled in JAVA 5. No more support to java 1.4
            </action>
            <action dev="Juan Manuel Alvarez" type="add">
                DJ Supports JasperReport 3.5.2+ (up to 3.7.1)
            </action>
            <action dev="Juan Manuel Alvarez" type="add">
                Added documentation about new Chart API, see the web
            </action>
        </release>
        <release version="3.0.15-beta1" date="2009-12-10" desc="fixes">
            <action dev="Juan Manuel Alvarez" type="update">
                Hability to use the same property/field in crosstab measures more than once (i.e: sum, average, count)
            </action>
        </release>
        <release version="3.0.14" date="2009-12-08" desc="fixes">
            <action dev="Juan Manuel Alvarez" type="update">
                Change in method signature for customized totals legend in crosstabs.
            </action>
        </release>
        <release version="3.0.14-beta6" date="2009-12-03" desc="fixes">
            <action dev="Juan Manuel Alvarez" type="update">
                Crosstab totals legend can be customized (see CrosstabReportTest10 for an example).
            </action>
        </release>
        <release version="3.0.14-beta5" date="2009-11-25" desc="fixes">
            <action dev="Juan Manuel Alvarez" type="fix">
                Custom Expression can have a property definition.
            </action>
        </release>
        <release version="3.0.14-beta4" date="2009-11-25" desc="fixes">
            <action dev="Juan Manuel Alvarez" type="fix">
                Value formatters are not working in crosstab totals.
            </action>
        </release>
        <release version="3.0.14-beta3" date="2009-11-23" desc="fixes">
            <action dev="Ricardo Mariaca" type="fix" issue="2817859">
                NullPointerException while creating group layout
                (DEFAULT, DEFAULT_WITH_HEADER,VALUE_IN_HEADER_WITH_HEADERS_AND_COLUMN_NAME)
            </action>
            <action dev="Juan Manuel Alvarez" type="fix">
                Custom Expression where not working since 3.0.14-beta2
            </action>
        </release>
        <release version="3.0.14-beta2" date="2009-11-19" desc="Fixes in variable naming">
            <action dev="Juan Manuel Alvarez" type="fix">
                Custom expression columns internal property name now is: "customExpression_for_" + columnName ; where if
                columnName
                was not defined, then "COLUMN_XXX" will be used (XXX ix the column index in the report starting from 0)
            </action>
        </release>
        <release version="3.0.14-beta1" date="2009-11-19" desc="Bugfixing on crosstabs value formatters">
            <action dev="Juan Manuel Alvarez" type="fix">
                Value formatters fails when many concatenated subreports.
            </action>
        </release>
        <release version="3.0.13" date="2009-11-17" desc="New stuff">
            <action dev="Ricardo Mariaca" type="add">
                Possibility to register field variable in group (see GroupLabelTest5)
            </action>
            <action dev="Ricardo Mariaca" type="fix" due-to="Brian Swain">
                Some custom expression classes where not serializable, they are now
            </action>
            <action dev="Ricardo Mariaca" type="fix" due-to="Brian Swain">
                Fixed problem related to percentage column when no group is defined
            </action>
            <action dev="Juan Manuel Alvarez" type="fix" due-to="Pedro Sousa ( pedrodesousa )" issue="2843177">
                Problem with columns TextFormatter
            </action>
            <action dev="Juan Manuel Alvarez" type="fix" due-to="Gabriel Chulim ( gchulim )" issue="2780574">
                ClassCastException in class MultiPropertyComparator
            </action>
            <action dev="Juan Manuel Alvarez" type="fix" due-to="ccavanaugh" issue="2885384">
                When applying a style to using AUTOTEXT_PAGE_X_SLASH_Y, the reference style is used for the current
                page, but not the total page count.
            </action>
            <action dev="Ricardo Mariaca" type="add">
                Autotext supports print when expression (see AutotextReportTest2)
            </action>
            <action dev="Ricardo Mariaca" type="add">
                Imagebanner can have imageScaleMode (see ImageBannerReportTest)
            </action>
            <action dev="Ricardo Mariaca" type="add">
                Enabling custom label expression and position in group footer label (see GroupLabelTest4)
                Enabling custom label expression in group header/footer variable label (see GroupLabelTest4)
            </action>
            <action dev="Juan Manuel Alvarez" type="fix">
                Setting style to "blank when null" as true in certain scenarios where an element
                does not have a style and a new one must be provided
            </action>
            <action dev="Juan Manuel Alvarez" type="add">
                Crosstab can have precalculated values: See DJCRosstabMeasurePrecalculatedTotalProvider class
                and example test: CrosstabReportWithPrecalculatedTotalsAndValueFormatterTest
            </action>
            <action dev="Juan Manuel Alvarez" type="fix">
                NullPointerException while creating crosstabs due to uninitialized style.
            </action>
            <action dev="Juan Manuel Alvarez" type="add">
                crosstabs measures can have value formatters. See CrosstabReportWithNullValuesTest for an example
            </action>
        </release>

        <release version="3.0.13-beta5" date="2009-11-09" desc="Autotext enhancements">
            <action dev="Juan Manuel Alvarez" type="fix" due-to="Pedro Sousa ( pedrodesousa )" issue="2843177">
                Problem with columns TextFormatter
            </action>
            <action dev="Juan Manuel Alvarez" type="fix" due-to="Gabriel Chulim ( gchulim )" issue="2780574">
                ClassCastException in class MultiPropertyComparator
            </action>
            <action dev="Juan Manuel Alvarez" type="fix" due-to="ccavanaugh" issue="2885384">
                When applying a style to using AUTOTEXT_PAGE_X_SLASH_Y, the reference style is used for the current
                page, but not the total page count.
            </action>
            <action dev="Ricardo Mariaca" type="add">
                Autotext supports print when expression (see AutotextReportTest2)
            </action>
            <action dev="Ricardo Mariaca" type="add">
                Imagebanner can have imageScaleMode (see ImageBannerReportTest)
            </action>
            <action dev="Ricardo Mariaca" type="add">
                Enabling custom label expression and position in group footer label (see GroupLabelTest4)
                Enabling custom label expression in group header/footer variable label (see GroupLabelTest4)
            </action>
        </release>
        <release version="3.0.13-beta4" date="2009-11-06" desc="Crosstabs enhancements">
            <action dev="Juan Manuel Alvarez" type="fix">
                Setting style to "blank when null" as true in certain scenarios where an element
                does not have a style and a new one must be provided
            </action>
        </release>
        <release version="3.0.13-beta3" date="2009-11-05" desc="Crosstabs enhancements">
            <action dev="Juan Manuel Alvarez" type="add">
                Crosstab can have precalculated values: See DJCRosstabMeasurePrecalculatedTotalProvider class
                and example test: CrosstabReportWithPrecalculatedTotalsAndValueFormatterTest
            </action>
        </release>
        <release version="3.0.13-beta2" date="2009-11-05" desc="Crosstabs enhancements">
            <action dev="Juan Manuel Alvarez" type="fix">
                NullPointerException while creating crosstabs due to uninitialized style.
            </action>
        </release>
        <release version="3.0.13-beta1" date="2009-11-04" desc="Crosstabs enhancements">
            <action dev="Juan Manuel Alvarez" type="add">
                crosstabs measures can have value formatters. See CrosstabReportWithNullValuesTest for an example
            </action>
        </release>
        <release version="3.0.12" date="2009-11-02" desc="Urgent Fix">
            <action dev="Juan Manuel Alvarez" type="fix" due-to="Ricardo Mariaca">
                Fixed bug introduced in 3.0.11 which prevented global variables to be shown.
            </action>
        </release>
        <release version="3.0.11" date="2009-10-30" desc="Percentage Column">
            <action dev="Juan Manuel Alvarez" type="fix">
                DJ Exceptions thrown are properly initialized with real the cause (exception).
                This gives log information for troubleshooting.
            </action>
            <action dev="Ricardo Mariaca" type="add" due-to="Brian Swain">
                Percentage column capability. See example class: PercentageColumnReportTest
            </action>
            <action dev="Ricardo Mariaca" type="add" due-to="tatiana_athayde">
                Group/Global header and footer variable supports custom value expression
            </action>
            <action dev="Ricardo Mariaca" type="add" due-to="Brian Swain">
                Group/Global header and footer variable supports print when expression
            </action>
            <action dev="Ricardo Mariaca" type="add" due-to="gauravkalra">
                Crosstab supports conditional styles
            </action>
            <action dev="Juan Manuel Alvarez" type="add">
                "Summary start in new page" can be configured through the report options
            </action>
            <action dev="Juan Manuel Alvarez" type="fix" due-to="Brian Swain" issue="2859359">
                Some report options where not being taking into account when a template was used.
            </action>
        </release>
        <release version="3.0.11-beta3" date="2009-10-17" desc="New stuff">
            <action dev="Juan Manuel Alvarez" type="fix">
                Some classes related to charting where not serializable, they are now
                (ar.com.fdvs.dj.domain.StringExpression, ar.com.fdvs.dj.domain.chart.plot.DJAxisFormat and
                ar.com.fdvs.dj.domain.hyperlink.LiteralExpression)
            </action>
        </release>
        <release version="3.0.11-beta2" date="2009-09-20" desc="New stuff">
            <action dev="Ricardo Mariaca" type="add" due-to="Ricardo Mariaca">
                New charts! area chart, stackedarea chart, bar chart, bar3d chart, stackedbar chart, stackedbar3d chart,
                line chart,
                pie chart, pie3d chart, timeseries chart, xyarea chart, xybar chart, xyline chart, scatter chart.
            </action>
            <action dev="Juan Manuel Alvarez" type="add">
                Report definition classes are now serializable.
            </action>
        </release>
        <release version="3.0.10" date="2009-08-25" desc="Urgent Fix II">
            <action dev="Juan Manuel Alvarez" type="fix" issue="2844168">
                JasperCompilation error due to DJValueFormatters
            </action>
        </release>
        <release version="3.0.9" date="2009-08-15" desc="Urgent Fix">
            <action dev="Juan Manuel Alvarez" type="fix">
                Struts 2 integration classes are now in a separate jar (look for DynamicJasper-Struts2 at )
            </action>
            <action dev="Juan Manuel Alvarez" type="fix">
                Fixed problem related to hyperlinks and crosstabs (parameter REPORT_SCRLIPTLET does not exists)
            </action>
        </release>
        <release version="3.0.8" date="2009-07-30" desc="Urgent Fix">
            <action dev="Juan Manuel Alvarez" type="fix">
                Urgent fix on conditional style expression introduced in 3.0.7
            </action>
        </release>
        <release version="3.0.7" date="2009-07-30" desc="at last!">
            <action dev="Juan Manuel Alvarez" type="add">
                Fix at DJDefaultScriptlet, which was messing parameter, fields and variables in CustomExpression when
                subreports or crosstabs where used
            </action>
            <action dev="Juan Manuel Alvarez" type="add">
                DJLabel supports custom expression
            </action>
        </release>
        <release version="3.0.7-b10" date="2009-07-20" desc="fixes">
            <action dev="Juan Manuel Alvarez" type="add">
                Enabling crosstabs in group header and footers
            </action>
            <action dev="Juan Manuel Alvarez" type="add">
                Crosstabs can have a caption (DJLabel)
            </action>
            <action dev="Juan Manuel Alvarez" type="fix">
                Crosstab :: "null" appear in main header when automatic title is set to false.
            </action>
        </release>
        <release version="3.0.7-b9" date="2009-07-20" desc="fixes">
            <action dev="Juan Manuel Alvarez" type="add" issue="2782909">
                Random crashes with 2 or more expressionColumns, see issue detail at the bug tracker.
            </action>
            <action dev="Juan Manuel Alvarez" type="add">
                Report title can be a jasper expression like "this is the " + $P{title_param} + " report"; see
            </action>
        </release>
        <release version="3.0.7-b8" date="2009-07-20" desc="fixes">
            <action dev="Juan Manuel Alvarez" type="add">
                Hyper links in crosstabs. See CrosstabHyperLinkReportTest
            </action>
        </release>
        <release version="3.0.7-b7" date="2009-07-10" desc="fixes">
            <action dev="Juan Manuel Alvarez" type="add">
                Hyper links in column values. (still needs work). See HyperLinkReportTest
            </action>
        </release>
        <release version="3.0.7-b6" date="2009-07-10" desc="fixes">
            <action dev="Juan Manuel Alvarez" type="add">
                Styles are clonable
            </action>
            <action dev="Juan Manuel Alvarez" type="fix" issue="2764577" due-to="Geoffrey De Smet ( ge0ffrey )">
                Footer height and header height can be independent from its content (taller).
            </action>
            <action dev="Juan Manuel Alvarez" type="fix" issue="2747664" due-to="Geoffrey De Smet ( ge0ffrey )">
                NPE when using template jrmxl with no detail band.
            </action>
            <action dev="Juan Manuel Alvarez" type="update" issue="2747641">
                Report Templates referenced in jrxml where not taken into account.
            </action>
            <action dev="Juan Manuel Alvarez" type="fix" issue="2382474">
                Group header variable is not shown is special scenario when using
                VALUE_IN_HEADER_WITH_HEADERS_AND_COLUMN_NAME
            </action>
            <action dev="Juan Manuel Alvarez" type="fix">
                Title and subtitle text is escaped properly. Titles with double quotes (") could cause JRException
            </action>
            <action dev="Juan Manuel Alvarez" type="add" due-to="Steve Lancashire ( stevelancashire )" issue="2818370">
                Added SafeReportBuilder in order to prevent building the report twice.
            </action>
            <action dev="Juan Manuel Alvarez" type="fix" due-to="Mattias Melin ( mattiasmelin )" issue="2818370">
                Fixed NPE related with group footers
            </action>
            <action dev="Juan Manuel Alvarez" type="fix" due-to="Geoffrey De Smet ( ge0ffrey )" issue="2768177">
                Groups and expression to group by: It was not being taken into account.
                See https://sourceforge.net/support/tracker.php?aid=2768177
                Also see ExpressionToGroupByReportTest
            </action>
            <action dev="Juan Manuel Alvarez" type="fix">
                Crosstab builder: Default values for cell dimensions, row header width and column header height.
            </action>
            <action dev="Juan Manuel Alvarez" type="fix">
                Crosstab builder: methods for setting cell width and height had to be invoked after all columns and rows
                where
                added. Now it can be called anytime.
            </action>
            <action dev="Juan Manuel Alvarez" type="fix" due-to="ricardo">
                Fixed issue related to copying JRStyle objects. Now using JRStyle.clobe(), which forces to use
                JasperReport 3.0+
            </action>
            <action dev="Juan Manuel Alvarez" type="add" due-to="">
                Crosstabs: Configurable color schema for automatic coloring (now it is nice!). See CrosstabReportTest6
                which uses TwoSeedCrossTabColorShema class
            </action>
            <action dev="Juan Manuel Alvarez" type="add" due-to="">
                Crosstabs: Can specify colors and styles for each element: row headers, column headers, totals, etc.
                Also default values are provided
                See CrosstabReportTest7.java
            </action>
            <action dev="Juan Manuel Alvarez" type="add" due-to="">
                Crosstabs can use the main report datasource. Use "CrosstabBuilder.useMainReportDatasource(true)". See
                CrosstabReportTest6.java
            </action>
            <action dev="Juan Manuel Alvarez" type="fix" due-to="">
                Fixed problem with Font.XXXXX static shared objects. Now style.setFont( aFont ) gets a copy of the font
                passed.
            </action>
            <action dev="Juan Manuel Alvarez" type="fix" due-to="Chris Becker ( chris-becker )">
                Fixed problem with conditional styles: conditional styles (for columns) don't work, unless you specify
                odd row styles, too.
                It also lets a conditional style override odd row style's background.
                <![CDATA[See https://sourceforge.net/tracker/index.php?func=detail&aid=2809714&group_id=188060&atid=923805
					 	for more information]]>
            </action>
            <action dev="Juan Manuel Alvarez" type="add" due-to="">
                <![CDATA[
					 	Ability to hide detail band. Useful (but not efficient with large reports) to show groups & totals. See TotalingReportTest for an example
					 ]]>
            </action>
            <action dev="Juan Manuel Alvarez" type="update" due-to="">
                forum moved to http://dj.fdvsolutions.com/forum/
            </action>
            <action dev="Juan Manuel Alvarez" type="fix" due-to="ricardo (forum user)">
                fixed bug related to inherited styles and the order in which they where registered. It may cause a
                JasperException.
            </action>
            <action dev="Juan Manuel Alvarez" type="add" due-to="Andrew M ( bucklane )">
                Autotext accepts styles. Thanks Andrew M ( bucklane )
            </action>
            <action dev="Juan Manuel Alvarez" type="fix" due-to="Geoffrey De Smet (ge0ffrey)">
                Header text and variable got sloppy when the first is too long.
                <![CDATA[See https://sourceforge.net/tracker/index.php?func=detail&aid=2782948&group_id=188060&atid=923805
					 	for more information]]>
            </action>
            <action dev="Juan Manuel Alvarez" type="update">
                Default footer variables height is "20";
                Defaul header variables height is "20"
            </action>
            <action dev="Juan Manuel Alvarez" type="update" due-to="Varun Yagain">
                Bar charts series and categories can be switched.
                <![CDATA[See https://sourceforge.net/forum/message.php?msg_id=7396861]]>
            </action>
            <action dev="Juan Manuel Alvarez" type="add" due-to="Fábio Anjos">
                Group Header on Every Page.
                Use GroupBuilder.setReprintHeaderOnEachPage(bool)
                <![CDATA[See https://sourceforge.net/forum/message.php?msg_id=7427326]]>
            </action>
        </release>
        <release version="3.0.6" date="2009-04-23" desc="crosstab fixes">
            <action dev="Juan Manuel Alvarez" type="add">
                ability to have multiple measures on crosstabs.
            </action>
            <action dev="Juan Manuel Alvarez" type="add" due-to="Fabio Borges" due-to-email="fabiodsb@sourforge.net">
                columns can have a text formatter (java.text.Format) as an alternative for formatting values
            </action>
            <action dev="Juan Manuel Alvarez" type="fix">
                Removed unneeded imports in many classes
            </action>
        </release>
        <release version="3.0.5" date="2009-02-09" desc="fixes">
            <action dev="Juan Manuel Alvarez" type="fix" due-to="bucklane">
                Fixed typo in method name: Style.setPaddingBotton should end with an 'm' not an 'n'.
                <![CDATA[See https://sourceforge.net/tracker2/?func=detail&aid=2634753&group_id=188060&atid=923805]]>
            </action>
            <action dev="Juan Manuel Alvarez" type="fix" due-to="Anis BEN RHOUMA"
                    due-to-email="https://sourceforge.net/forum/message.php?msg_id=6611349">
                Fixed bug related to conditional styles, now working as expected.
            </action>
            <action dev="Juan Manuel Alvarez" type="add" due-to="ccavanaugh"
                    due-to-email="https://sourceforge.net/forum/message.php?msg_id=6412849">
                Added ability to truncate text defining a suffix like "..."
            </action>
        </release>
        <release version="3.0.4" date="2009-02-09" desc="fixes">
            <action dev="Alejandro Gomez" type="fix">
                <![CDATA[Struts 2 (version 2.1.6) was not working due to change in method signature of xwork library.
							 see tracker: https://sourceforge.net/tracker2/?func=detail&aid=2562199&group_id=188060&atid=923808]]>
            </action>
            <action dev="Alejandro Gomez" type="add">
                <![CDATA[DynamicJasper Grails plugin :: see http://dynamicjasper.sourceforge.net/docs/grails dj plugin.html]]>
            </action>
            <action dev="Juan Manuel Alvarez" type="add">
                CustomExpression for Calculation in groups :: When grouping a column, you can specify a CustomExpression
                to be used for variable calacularion.
                see http://dynamicjasper.sourceforge.net/docs/HOWTO Create variables and define specific behavior.html
            </action>
            <action dev="Juan Manuel Alvarez" type="add">
                Ability to format variables in groups :: When grouping a column, you can specify a DJValueFormatter to
                be used for variable formatting in group header and/or footer.
                see http://dynamicjasper.sourceforge.net/docs/HOWTO Create variables and define specific behavior.html
            </action>
            <action dev="Juan Manuel Alvarez" type="fix" due-to="Jeremy Goupil">
                Exception on certain cross-tab scenario :: see https://sourceforge.net/forum/message.php?msg_id=6013486
            </action>
            <action dev="Juan Manuel Alvarez" type="fix" due-to="tanmay0208">
                Ensure order in crosstabs :: see https://sourceforge.net/forum/message.php?msg_id=5950390
            </action>
        </release>
        <release version="3.0.3" date="2008-12-23" desc="Enhancements and fixes">
            <action dev="Juan Manuel Alvarez" type="fix" due-to="Mariano Stampella">
                removed unnecessary static dependency to webwork.
            </action>
            <action dev="Juan Manuel Alvarez" type="fix" due-to="Mariano Stampella">
                Error in charts logic when only 1 group. Now showing the chart once.
            </action>
            <action dev="Juan Manuel Alvarez" type="add">
                Groups variables height can be defined independently on each group. This fix includes
                footer and header grand total height.
            </action>
            <action dev="Juan Manuel Alvarez" type="fix">
                Bug in the logic for choosing default style in group headers and footer
            </action>
        </release>
        <release version="3.0.2" date="2008-12-09" desc="Enhancements and fixes">
            <action dev="Juan Manuel Alvarez" type="add">
                Performance fix for CustomExpression, now using Jasper's ScriptLet to reuse field, variables and
                parameters map
            </action>
            <action dev="Juan Manuel Alvarez" type="fix" due-to="Dale Cooper and PeS17"
                    issue="https://sourceforge.net/forum/message.php?msg_id=5722095">
                In CustomExpression's, non visible fields where not being populated
            </action>
            <action dev="Juan Manuel Alvarez" type="fix" due-to="Anis BEN RHOUMA">
                Fixed multi line title and subtitle :: Certain style attributes in the title made subtitle not to
                stretch vertically. See MultiLineTitleReportTest
                <![CDATA[https://sourceforge.net/forum/forum.php?thread_id=2591976&forum_id=659589]]>
            </action>
        </release>
        <release version="3.0.1" date="2008-11-21" desc="Enhancements and fixes">
            <action dev="Juan Manuel Alvarez" type="add">
                Added DJCalculation.DISTINCT_COUNT (for use in groups header and footer totals)
            </action>
            <action dev="Juan Manuel Alvarez" type="update">
                Refactor (BREAKING CHANGE):: The following classes where renamed for the sake of the human race:
                ColumnsGroup -- DJGroup
                ColumnsGroupVariable -- DJGroupVariable
                ColumnsGroupVariableOperation -- DJCalculation
                and some other classes you should not care...
            </action>
            <action dev="Juan Manuel Alvarez" type="add">
                Subreports allow split option :: We can tell the band which holds the subreport to not allow splitting
                of the content
            </action>
            <action dev="Juan Manuel Alvarez" type="add">
                Added missing method to the SubreportBuilder set up the subreport parameter origin. See
                SubReportBuilder.setParameterMapPath(...) for more info.
            </action>
            <action dev="Juan Manuel Alvarez" type="add">
                Group header and footer bands splitting configuration.
            </action>
            <action dev="Alejandro Gomez" type="add">
                DynamicJasper result type for Struts 2 integration
            </action>
            <action dev="Juan Manuel Alvarez" type="fix" due-to="Anis BEN RHOUMA">
                Report locale was not not working.
                <![CDATA[https://sourceforge.net/tracker/?func=detail&atid=923805&aid=2317770&group_id=188060]]>
            </action>
            <action dev="Juan Manuel Alvarez" type="fix" due-to="Anis BEN RHOUMA">
                Border thickness is wrong.
                <![CDATA[https://sourceforge.net/forum/message.php?msg_id=5689553]]>
            </action>
        </release>
        <release version="3.0.0" date="2008-11-05" desc="New Mayor version - Breaking changes">
            <action dev="Juan Manuel Alvarez" type="fix">
                Images border were shown all the time
            </action>
            <action dev="Juan Manuel Alvarez" type="update">
                Subreport white space when empty :: Now removing white space when a subreport is empty
            </action>
            <action dev="Juan Manuel Alvarez" type="update">
                Custom Expressions :: Cleaner interface, they receive 3 maps (fields, variables and parameters).
                They also have now a className attribute, so many types other than String can be returned (for
                formatting using patterns, etc)
            </action>
            <action dev="Juan Manuel Alvarez" type="update">
                Conditional Styles :: Changes needed due to changes in CustomExpression. Custom implementations of
                ConditionStyles will need fixing and recompiling.
            </action>
            <action dev="Juan Manuel Alvarez" type="update">
                Group Header Style :: Now each group can define it's own header when showing column names.
            </action>
            <action dev="Juan Manuel Alvarez" type="add">
                StyleBuilder :: Convenient methods added for constructing
            </action>
            <action dev="Juan Manuel Alvarez" type="remove">
                Deprecated methods in builders and DynamicJasperHelper were removed.
            </action>
            <action dev="Juan Manuel Alvarez" type="add">
                Web Export to HTML :: DynamicJasperHelper.exportToHtml(...) generates and sets up everything for a clean
                web html response.
            </action>
        </release>
        <release version="2.1.0" date="2008-09-06" desc="fixes">
            <action dev="Juan Manuel Alvarez" type="add">
                Tests enhancements :: To ensure product quality, the following technologies had been added to the
                automated tests:
                * HSQL DB: for real JDBC and SQL report tests
                * Hibernate: HQL report test
                * HTTP Unit: to test Webwork result type. Also enabling future testing to new http facilities.
            </action>
            <action dev="Juan Manuel Alvarez" type="fix" due-to="dongw">
                WebWork integration :: Fixed bug that had this feature broken. Also added new options to result type.
                Updated documentation (see "Integrate DynamicJasper with Webwork").
            </action>
            <action dev="Juan Manuel Alvarez" type="add">
                Custom Expressions :: Now variables also available in Custom Expression. Instead of implementing
                CustomExpression, use
                DJCustomExpression which already provides as parameter one map per family (fields, variables and
                parameters)
            </action>
            <action dev="Juan Manuel Alvarez" type="add">
                Report Name :: Report name can now be specified (dynamicReport.setReportName(...) ). When exporting to
                Excel,
                this name will be used as the sheet name
            </action>
            <action dev="Juan Manuel Alvarez" type="add">
                Report Properties :: Now the DynamicReport has a setProperty(String, String) method which passes the
                properties to the JasperReportDesign.
            </action>
            <action dev="Juan Manuel Alvarez" type="fix">
                Page Orientation :: Orientation is working now
            </action>
            <action dev="Juan Manuel Alvarez" type="add" due-to="yaro">
                JRXML Templates :: Now bringing existing parameters, variables and fields and datasets from jrxml
                templates :: thanks yaro!
            </action>
            <action dev="Juan Manuel Alvarez" type="update">
                Field Properties Refactor :: Only PropertyColumn and its children are worthless to have field properties
            </action>
        </release>
        <release version="2.0.10" date="2008-07-24" desc="Autotext improvements, many fixes">
            <action dev="Juan Manuel Alvarez" type="add">
                Autotext :: More control over the width of Autotext components. No more chucked total page numbers.
            </action>
            <action dev="Juan Manuel Alvarez" type="fix">
                odd rows was also painting groups header and footers variables :: This bug was introduced in 2.0.9
            </action>
            <action dev="Juan Manuel Alvarez" type="add">
                Parameter Map available in Custom Expression :: It is stored in the Map under the key
                DJConstants.CUSTOM_EXPRESSION__PARAMETERS_MAP
            </action>
            <action dev="Juan Manuel Alvarez" type="fix">
                NPE when cloning styles :: this bug was introduced in version 2.0.9
            </action>
        </release>
        <release version="2.0.9" date="2008-07-07" desc="Many improvements">
            <action dev="Juan Manuel Alvarez" type="add">
                Dynamic Subreport fits automatically to parent report printable area :: Use
                Subreport.fitToParentPrintableArea flag.
            </action>
            <action dev="Juan Manuel Alvarez" type="add">
                New Exception ar.com.fdvs.dj.core.DJExpection for generics problems inside the API
            </action>
            <action dev="Juan Manuel Alvarez" type="fix">
                Tests: path to output file was not being created
            </action>
            <action dev="Juan Manuel Alvarez" type="fix">
                Report Locale: made some fixes to ensure that at least the default locale is loaded.
            </action>
            <action dev="Juan Manuel Alvarez" type="add" due-to="Eric Bartley">
                Field properties: JRField properties can be passed to the column builder or the column object itself.
                Thanks Eric Bartley!
            </action>
            <action dev="Juan Manuel Alvarez" type="fix" due-to="Eric Bartley">
                Odd rows on HTML: Coloring was not working properly. Thanks Eric Bartley!
            </action>
            <action dev="Juan Manuel Alvarez" type="add">
                Charts with many categories: more than one column can be added to charts (one column per category)
            </action>
            <action dev="Juan Manuel Alvarez" type="fix">
                Many charts for a given group may exceed band allowed height.
            </action>
        </release>
        <release version="2.0.8" date="2008-04-14" desc="Subreport parameters release">
            <action dev="Juan Manuel Alvarez" type="add">
                Subreport parameters :: You can pass parameters to subreports using values from current row. Thanks
                Marcos Reyes!
            </action>
            <action dev="Juan Manuel Alvarez" type="fix">
                WebWork integration :: Added "exportParams" feature, so you can pass custom parameters to the exporter
                used.
            </action>
            <action dev="Juan Manuel Alvarez" type="fix">
                Crosstabs NPE :: 1xX and Xx1 crosstabs thorws NPE, thanks Marcos Reyes
            </action>
            <action dev="Juan Manuel Alvarez" type="add">
                Allow control over detail band split :: thanks balazsborbely.
            </action>
            <action dev="Juan Manuel Alvarez" type="fix">
                Crosstab measure type peroblem :: Only java.lang.Float was working. Thanks my_aro!
            </action>
            <action dev="Juan Manuel Alvarez" type="fix">
                Removed static dependency Eclipse JST compiler :: Thanks Tito (enjuto).
            </action>
            <action dev="Juan Manuel Alvarez" type="remove">
                Java 1.2 is no longer supported :: This is from jasperReports 2.0.5 (they removed the class
                JRJdk12Compiler. Thanks mikea59.
            </action>
            <action dev="Juan Manuel Alvarez" type="fix">
                Header Charts :: they where leaving a blank space before the column titles.
            </action>
            <action dev="Juan Manuel Alvarez" type="add">
                Sub reports can start in new page :: thanks jacklty!
            </action>
        </release>
        <release version="2.0.7" date="2008-03-04" desc="when no data section release">
            <action dev="Juan Manuel Alvarez" type="add">
                When no data section feature :: you can set up what to show when the data source is empty. See
                WhenNoDataTest for a working example
            </action>
            <action dev="Juan Manuel Alvarez" type="fix">
                javadoc jar generated always :: javadoc jar is generated when a new release is out (pom.xml
                configuration)
            </action>
        </release>
        <release version="2.0.6" date="2008-02-22" desc="Minor bug fixes and features">
            <action dev="Juan Manuel Alvarez" type="fix">
                Problem with dynamically added queries when using template files :: the query added dinamically got lost
                when
                using templates files, thanks gustav_b
            </action>
            <action dev="Juan Manuel Alvarez" type="fix">
                More than one chart in a group :: You can now create more than one chart in the same group, thanks
                Sagara!
            </action>
            <action dev="Juan Manuel Alvarez" type="add">
                Define behaviour when datasource is empty :: just a passthough to the JasperReports options. Use
                DJConstants.WHEN_NO_DATA_TYPE_NO_PAGES, DJConstants.WHEN_NO_DATA_TYPE_BLANK_PAGE,
                DJConstants.WHEN_NO_DATA_TYPE_ALL_SECTIONS_NO_DETAIL, DJConstants.WHEN_NO_DATA_TYPE_NO_DATA_SECTION.
                Thanks Dorin Scutarasu!!!
            </action>
            <action dev="Juan Manuel Alvarez" type="add">
                Define behaviour when missing resource is found :: just a passthough to the JasperReports options. Use
                DJConstants.WHEN_RESOURCE_MISSING_TYPE_EMPTY, DJConstants.WHEN_RESOURCE_MISSING_TYPE_ERROR,
                DJConstants.WHEN_RESOURCE_MISSING_TYPE_KEY, DJConstants.WHEN_RESOURCE_MISSING_TYPE_NULL.
                Thanks Dorin Scutarasu!!!
            </action>
        </release>
        <release version="2.0.5" date="2008-02-04" desc="Minor users requests">
            <action dev="Juan Manuel Alvarez" type="add">
                Field desctiption for XML datasources :: XML Data sources need that the fields had the property
                "description" defined.
                Though ColumBuilder and FastReport builder "description" can be defined, thanks gustav_b
            </action>
            <action dev="Juan Manuel Alvarez" type="add">
                Parameter registration :: Whatever is in the "params map" will be registered as a parameter, thanks
                Charles Abreu
            </action>
            <action dev="Juan Manuel Alvarez" type="add">
                Fonts handling :: The fonts now have the properties pdfFontName, pdfFontEmbedded and pdfFontEncodding.
                You can now export to PDF with any encoding. See FontReportTest.
                Thanks Sagara for asking!
            </action>
        </release>
        <release version="2.0.4" date="2008-01-10" desc="Report query release">
            <action dev="Juan Manuel Alvarez" type="add">
                Report query :: Added report query to work the same as JasperReports
            </action>
            <action dev="Juan Manuel Alvarez" type="add">
                Export to jrxml file :: You can export your design to jrxml (for retouching in iReport) from the
                DynamicJasperHelper
            </action>
        </release>
        <release version="2.0.3" date="2008-01-04" desc="urgent fix">
            <action dev="Juan Manuel Alvarez" type="fix">
                Error on 2.0.2 build :: was compiled in java 5, it is java 1.4 now
            </action>
        </release>
        <release version="2.0.2" date="2007-12-28" desc="Image column release">
            <action dev="Juan Manuel Alvarez" type="add">
                pom.xml cleanup :: Unnecesary depenencies are optional now. Thanks danttran!!!
            </action>
            <action dev="Juan Manuel Alvarez" type="add">
                BarCode Column :: Hability to show bar codes in the detail band
            </action>
            <action dev="Juan Manuel Alvarez" type="add">
                Image Column :: Hability to show images in the detail band
            </action>
            <action dev="Juan Manuel Alvarez" type="fix">
                Bug with group names: https://sourceforge.net/forum/message.php?msg_id=4684608
                Thanks danidacila!
            </action>
        </release>
        <release version="2.0.1" date="2007-12-19" desc="Crosstab release">
            <action dev="Juan Manuel Alvarez" type="add">
                FastReportBuilder: setGroupLayout(groupNumber, GroupLayout)
            </action>
            <action dev="Juan Manuel Alvarez" type="add">
                CrosstabRowBuilder: for easy crosstab row building
            </action>
            <action dev="Juan Manuel Alvarez" type="add">
                CrosstabcolumnBuilder: for easy crosstab column building
            </action>
            <action dev="Juan Manuel Alvarez" type="add">
                DynamicReportBuilder: addFooterCrosstab(DJCrosstab cross)
            </action>
            <action dev="Juan Manuel Alvarez" type="add">
                DynamicReportBuilder: addHeaderCrosstab(DJCrosstab cross)
            </action>
            <action dev="Juan Manuel Alvarez" type="add">
                FastReportBuilder: addFooterVariable(int groupNum, int colNumber, ColumnsGroupVariableOperation op,
                Style style)
            </action>
            <action dev="Juan Manuel Alvarez" type="add">
                FastReportBuilder: addHeaderVariable(int groupNum, int colNumber, ColumnsGroupVariableOperation op,
                Style style)
            </action>
        </release>
        <release version="2.0.0" date="2007-12-13" desc="Crosstab release">
            <action dev="Juan Manuel Alvarez" type="add">
                Crosstabs support (still in developement)
            </action>
            <action dev="Juan Manuel Alvarez" type="add">
                StyleBuilder class: convinient when creating styles
            </action>
            <action dev="Juan Manuel Alvarez" type="fix">
                MissingResourceException when locale is not EN or US. Thanks danidacila.
                https://sourceforge.net/forum/message.php?msg_id=4645638
            </action>
            <action dev="Juan Manuel Alvarez" type="fix">
                Problem with Chart and grouping. Thanks danidacila.
                https://sourceforge.net/forum/message.php?msg_id=4645263
            </action>
        </release>
        <release version="1.4.2" date="2007-11-05" desc="Minor release">
            <action dev="Mariano Simone" type="fix">
                Grand Total Legends positions calculation fixed
            </action>
            <action dev="Juan Manuel Alvarez" type="add">
                Convinient methods in FastReportBuilder to add columns with more options
            </action>
            <action dev="Juan Manuel Alvarez" type="fix">
                FastReportBuilder no guess in styles is the column already has a style
            </action>
            <action dev="Juan Manuel Alvarez" type="fix">
                odd rows background border and foreground color was not working
            </action>
        </release>
        <release version="1.4.0" date="2007-10-31" desc="Styles release">
            <action dev="Juan Manuel Alvarez" type="add">
                Groups can start in new page or in new column.
            </action>
            <action dev="Juan Manuel Alvarez" type="add">
                Existing styles in .jrxml files can be referenced from a DynamicReport
            </action>
            <action dev="Juan Manuel Alvarez" type="fix">
                Anoying loggin information when using repeated styles
            </action>
            <action dev="Juan Manuel Alvarez" type="add">
                Support for inherited styles
            </action>
            <action dev="Mariano Simone" type="add">
                Convinient method in the FastReportBuilder to pass a style whe adding a new column.
            </action>
            <action dev="Juan Manuel Alvarez" type="fix">
                Bug with autotext "page x / y" was showing "page 1null"
            </action>
            <action dev="Juan Manuel Alvarez" type="update">
                webwork result type: now you can specify a layout manager
            </action>
            <action dev="Juan Manuel Alvarez" type="update">
                refactor in DynamicReportBuilder: grand total legend is now: drb.setGrandTotalLegend("...")
            </action>
            <action dev="Juan Manuel Alvarez" type="fix">
                small bug with "ignore pagination"
            </action>
            <action dev="Juan Manuel Alvarez" type="add">
                concatenated reports can be also DynamicReports
            </action>
        </release>
        <release version="1.3.3" date="2007-10-18" desc="minor styles fix">
            <action dev="Juan Manuel Alvarez" type="fix">
                DynamicReportBuilder supports subreports in and elegant way
            </action>
            <action dev="Juan Manuel Alvarez" type="fix">
                You could have many subreports, but not recursive subreports
            </action>
            <action dev="Juan Manuel Alvarez" type="fix">
                Deprecated methods in builders (DynamicReportBuilder, etc) and create new ones to give meaninfull names
            </action>
            <action dev="Juan Manuel Alvarez" type="update">
                DynamicJasperHelper methods now throws exceptions as they should always do
            </action>
            <action dev="Juan Manuel Alvarez" type="update">
                DynamicJasperHelper methods are not "final" anymore.
            </action>
            <action dev="Juan Manuel Alvarez" type="update">
                DynamicJasperHelper convinience methods changed from "private" to "protected"
            </action>
            <action dev="Alejandro Gomez" type="fix">
                Issue with file encoding is fixed for every compiler, not just eclipse jdt compiler.
            </action>
        </release>
        <release version="1.3.2" date="2007-09-24" desc="minor styles fix">
            <action dev="Juan Manuel Alvarez" type="fix">
                The thin border is back, now the available border are: NO_BORDER, THIN, PEN_1_POINT, PEN_2_POINT,
                PEN_4_POINT and DOTTED
            </action>
            <action dev="Juan Manuel Alvarez" type="fix">
                The Group Layouts behaviour changed, see HOW-TO hide a column
            </action>
        </release>
        <release version="1.3.1" date="2007-09-17" desc="minor XLS improvements">
            <action dev="Juan Manuel Alvarez" type="fix">
                Fixed some flags for XLS exporting that where lost during refactorings: ignore pagination and print
                column names
            </action>
            <action dev="Juan Manuel Alvarez" type="add">
                Example test for exporting to XLS
            </action>
        </release>
        <release version="1.3.0" date="2007-08-21" desc="Subreports beta 2">
            <action dev="Juan Manuel Alvarez" type="add">
                Subreports support: Added SubReportBuilder class
            </action>
            <action dev="Juan Manuel Alvarez" type="add">
                Subreports support: Hability to the DynamicReportBuilder to concatenate subreports in a single report
            </action>
            <action dev="Juan Manuel Alvarez" type="add">
                Subreports support: Added 2 tests to be used as examples (SubReportBuilderTest and
                ConcatenatedReportTest)
            </action>
            <action dev="Juan Manuel Alvarez" type="add">
                Subreports support: HOW-TO documentation in the site
            </action>
        </release>
        <release version="1.3.0-beta1" date="2007-07-20" desc="Subreports early release">
            <action dev="Juan Manuel Alvarez" type="add">
                Subreports support: see SubReportTest test case.
            </action>
        </release>
        <release version="1.2.2" date="2007-08-15" desc="JasperReports 2.0 (internal)">
            <action dev="Juan Manuel Alvarez" type="add">
                Support for JasperReports 2.0
            </action>
        </release>
        <release version="1.2.1" date="2007-08-15" desc="bugfix release">
            <action dev="Alejandro Gomez" type="add">
                Minor issue with files not encoded in the system default encoding.
            </action>
        </release>
        <release version="1.2.0" date="2007-07-20" desc="Autotext release">
            <action dev="Mariano Simone" type="add">
                Autotext feature: Out of the box "Page x/y", "Created on {date}" and common autotexts in header and
                footer.
            </action>
            <action dev="Juan Manuel Alvarez" type="add">
                i18N (Internationalization) - Autotext uses i18N (dj-messages.properties), you can also specify a
                custom resource bundle and a Locale to the report.
            </action>
            <action dev="Juan Manuel Alvarez" type="fix">
                Title in new Page: Some how we lost this feature in a refactor, its back.
            </action>
            <action dev="Juan Manuel Alvarez" type="add">
                added 2 more convenient methods on DynamicJasperHelper class.
                DynamicJasperHelper.generateJasperPrint(...) can now receive as a datasource a Collection or a ResultSet
                besides the JRDataSource
            </action>
            <action dev="Juan Manuel Alvarez" type="fix">
                Minor cosmetic issue with Image Banners, when usign different images for the first page and the rest of
                the report, there was
                a blank space betwen the image in the first page and the rest of the report.
            </action>
            <action dev="Juan Manuel Alvarez" type="add">
                Tons of documentation in the project website (how-to and getting started)
            </action>
        </release>
        <release version="1.1.3" date="2007-06-29" desc="minor release">
            <action dev="Juan Manuel Alvarez" type="add">
                Font has missing attribute for italic and underline, now there are setters ang getter for every
                property.
            </action>
            <action dev="Juan Manuel Alvarez" type="add">
                Padding: Now you can configure different padding for every side
            </action>
        </release>
        <release version="1.1.2" date="2007-05-13" desc="minor release">
            <action dev="Juan Manuel Alvarez" type="add" due-to="gzfqh3" due-to-email="gzfqh3@sourceforge.net">
                Now you can define styles for header and footer variables. (see StylesReport2Test)
            </action>
        </release>
        <release version="1.1.1" date="2007-04-21" desc="minor release">
            <action dev="Mariano Simone" type="add">
                User-Defined colors can be used in charts usign Lists of colors
            </action>
            <action dev="Juan Manuel Alvarez" type="add" due-to="gzfqh3" due-to-email="gzfqh3@sourceforge.net">
                Text elements can now be rotated left or right (through the Style class)
            </action>
        </release>

        <release version="1.1.0" date="2007-03-22" desc="Charting release">
            <action dev="Mariano Simone" type="add">
                Charting capabilities. Added builder to easily add charts to DynamicJasper. (See the examples)
            </action>
            <action dev="Juan Manuel Alvarez" type="fix">
                Template file. When using template file, first looks in the file system, then in the classpath
            </action>
            <action dev="Juan Manuel Alvarez" type="add">
                Example Report that uses a tempalte file
            </action>
            <action dev="Juan Manuel Alvarez" type="add">
                Fixed column width for columns that need to keep it´s original witdh
            </action>
            <action dev="Mariano Simone" type="update">
                Documentation on the API and How-to guides
            </action>
            <action dev="Alejandro Gomez" type="add">
                Reflection Report Builder
            </action>
            <action dev="Alejandro Gomez" type="add">
                DynamicJasper result type for webwork integration
            </action>
        </release>
        <release version="1.0.2" date="2007-02-27" desc="Minor Release">
            <action dev="Juan Manuel Alvarez" type="add">
                Playground. Example webapp made in GWT that shows the DynamicJasper potential
            </action>
            <action dev="Juan Manuel Alvarez" type="add">
                Added utility class to sort the datasource using the column of the report as criteria
            </action>
            <action dev="Juan Manuel Alvarez" type="add">
                Added FastReportBuilder that simplifies even more the report creation process
            </action>
            <action dev="Juan Manuel Alvarez" type="update">
                Documentation and examples (see the test sources)
            </action>
            <action dev="Juan Manuel Alvarez" type="update">
                More control over the styles (borders)
            </action>
        </release>
        <release version="1.0.1" date="2007-02-08" desc="Minor Release">
            <action dev="Juan Manuel Alvarez" type="add">
                Added the capability to place images on the header of the first page and the rest of the report
            </action>
            <action dev="Juan Manuel Alvarez" type="update">
                The DynamicReportBuilder can set page size and orientation
            </action>
            <action dev="Juan Manuel Alvarez" type="add">
                Added Sreenshots and pdf examples of the reports
            </action>
            <action dev="Juan Manuel Alvarez" type="update">
                Documentation is updated with screen shots
            </action>
            <action dev="Juan Manuel Alvarez" type="remove">
                Removed Unneded Cglib dependency.
            </action>
        </release>
        <release version="1.0" date="2007-02-01" desc="Initial Release">
            <action dev="Juan Manuel Alvarez" type="add">
                Initial version of DynamicJasper
            </action>
            <action dev="Juan Manuel Alvarez" type="add">
                Documentation with examples
            </action>
        </release>
    </body>
</document>
